Type	Subtype	Signature7a	Signature7b	Signature7c
C>A	ACA	0.0001131130	0.0028893130	0.0040538340
C>A	ACC	0.0001696360	0.0006090720	0.0020874300
C>A	ACG	0.0000119000	0.0002225190	0.0006302700
C>A	ACT	0.0001882000	0.0010639520	0.0026198570
C>G	ACA	0.0000004250	0.0003850090	0.0028386840
C>G	ACC	0.0000515000	0.0002629060	0.0014208890
C>G	ACG	0.0000154000	0.0005924560	0.0011753590
C>G	ACT	0.0000631000	0.0005850910	0.0025384830
C>T	ACA	0.0000968000	0.0019492680	0.0075210200
C>T	ACC	0.0181449430	0.0359939410	0.0072218060
C>T	ACG	0.0000003530	0.0008745710	0.0030940120
C>T	ACT	0.0073385700	0.0123338030	0.0103472940
T>A	ATA	0.0017515470	0.0040533970	0.0088072250
T>A	ATC	0.0006130120	0.0004859800	0.0026649790
T>A	ATG	0.0005170030	0.0017793750	0.0051909800
T>A	ATT	0.0036582760	0.0116290500	0.0330298980
T>C	ATA	0.0003609330	0.0023385820	0.0136515830
T>C	ATC	0.0001460630	0.0004525160	0.0040002290
T>C	ATG	0.0002518800	0.0019382250	0.0082005710
T>C	ATT	0.0005874590	0.0022997560	0.0203320910
T>G	ATA	0.0003654170	0.0003086600	0.0050756840
T>G	ATC	0.0002458600	0.0008893190	0.0024897870
T>G	ATG	0.0000838000	0.0004818130	0.0107350150
T>G	ATT	0.0002050850	0.0011208170	0.0056483890
C>A	CCA	0.0002961300	0.0031530270	0.0041935980
C>A	CCC	0.0002015940	0.0017178660	0.0010107480
C>A	CCG	0.0000395000	0.0006347200	0.0004724420
C>A	CCT	0.0001780470	0.0044655890	0.0000000000
C>G	CCA	0.0000110000	0.0005298450	0.0020108030
C>G	CCC	0.0000401000	0.0007256370	0.0013338720
C>G	CCG	0.0000453000	0.0008756330	0.0018861130
C>G	CCT	0.0001052690	0.0009621830	0.0012267690
C>T	CCA	0.0520040530	0.1035164580	0.0501984060
C>T	CCC	0.0570971490	0.1651423790	0.0620347960
C>T	CCG	0.0061878690	0.0200237840	0.0060687340
C>T	CCT	0.0581395980	0.1193742160	0.0071253250
T>A	CTA	0.0001653580	0.0015366360	0.0029786020
T>A	CTC	0.0003275870	0.0015332380	0.0013480260
T>A	CTG	0.0000441000	0.0007447010	0.0034706700
T>A	CTT	0.0004443450	0.0008488020	0.0046796300
T>C	CTA	0.0004604310	0.0024668790	0.0079834900
T>C	CTC	0.0001644380	0.0012045110	0.0033961910
T>C	CTG	0.0001552320	0.0012590240	0.0042463770
T>C	CTT	0.0019271070	0.0088227050	0.0229177910
T>G	CTA	0.0000352000	0.0002954040	0.0023179880
T>G	CTC	0.0001594180	0.0006721130	0.0009008480
T>G	CTG	0.0000005940	0.0003325080	0.0062955550
T>G	CTT	0.0000351000	0.0000000000	0.0027034510
C>A	GCA	0.0000161000	0.0009811630	0.0015142500
C>A	GCC	0.0000537000	0.0002030200	0.0009804610
C>A	GCG	0.0000006240	0.0000881000	0.0003347710
C>A	GCT	0.0000270000	0.0003725590	0.0006904940
C>G	GCA	0.0000001330	0.0001184330	0.0008684390
C>G	GCC	0.0000548000	0.0003389330	0.0007129650
C>G	GCG	0.0000043000	0.0003532090	0.0006183170
C>G	GCT	0.0000601000	0.0003066590	0.0017238850
C>T	GCA	0.0000605000	0.0012517920	0.0041688660
C>T	GCC	0.0121865310	0.0217566810	0.0018264370
C>T	GCG	0.0000064900	0.0006056640	0.0024913660
C>T	GCT	0.0159205250	0.0051141680	0.0032359890
T>A	GTA	0.0003619450	0.0006277240	0.0017709590
T>A	GTC	0.0001897940	0.0003229890	0.0007464370
T>A	GTG	0.0002186460	0.0004066490	0.0033078630
T>A	GTT	0.0003686200	0.0002434450	0.0051740980
T>C	GTA	0.0000248000	0.0005285720	0.0054959610
T>C	GTC	0.0000287000	0.0000625000	0.0028664600
T>C	GTG	0.0000353000	0.0005504670	0.0048169660
T>C	GTT	0.0008735410	0.0065379330	0.0995430640
T>G	GTA	0.0000343000	0.0002425100	0.0016507700
T>G	GTC	0.0001235540	0.0002136050	0.0009388910
T>G	GTG	0.0000673000	0.0000000000	0.0145250900
T>G	GTT	0.0005945440	0.0016624800	0.0097803830
C>A	TCA	0.0002068650	0.0045375810	0.0062228250
C>A	TCC	0.0005991620	0.0046713640	0.0053253370
C>A	TCG	0.0000019300	0.0004624860	0.0005211890
C>A	TCT	0.0005357860	0.0042510000	0.0015415500
C>G	TCA	0.0000000000	0.0005055420	0.0017592370
C>G	TCC	0.0001196910	0.0017559010	0.0017366270
C>G	TCG	0.0000268000	0.0005338690	0.0008421810
C>G	TCT	0.0002877260	0.0014809810	0.0023115710
C>T	TCA	0.2301924460	0.0000222000	0.0000000000
C>T	TCC	0.3411539080	0.1845385150	0.2160957730
C>T	TCG	0.0681268650	0.0585850670	0.0575129990
C>T	TCT	0.1075789820	0.1125527750	0.0392495170
T>A	TTA	0.0003775650	0.0053702140	0.0106237650
T>A	TTC	0.0003119980	0.0037291990	0.0027710090
T>A	TTG	0.0000000000	0.0023640980	0.0033696230
T>A	TTT	0.0011679730	0.0107294510	0.0299400670
T>C	TTA	0.0025371410	0.0089687900	0.0289634600
T>C	TTC	0.0006219990	0.0034648990	0.0078529450
T>C	TTG	0.0003979280	0.0054175270	0.0109786130
T>C	TTT	0.0009236790	0.0088359560	0.0142345640
T>G	TTA	0.0000991000	0.0013317100	0.0054356000
T>G	TTC	0.0001446150	0.0017463790	0.0019794710
T>G	TTG	0.0000312000	0.0010635860	0.0054456430
T>G	TTT	0.0000000000	0.0038144060	0.0093276580
